{"objcls": [0.2065, 0.0402, 0.0392, 0.0102, 0.013, 0.0204, 0.0592, 0.0148, 0.0248, 0.0065, 0.0223, 0.0196, 0.0086, 0.0266, 0.0146, 0.0108, 0.0296, 0.0103, 0.0071, 0.0234, 0.0069, 0.0186, 0.0101, 0.0103, 0.0087, 0.0074, 0.0133, 0.003, 0.0057, 0.0047, 0.0029, 0.0047, 0.0062, 0.0156, 0.0046, 0.0081, 0.0102, 0.0022, 0.0065, 0.0073, 0.003, 0.0035, 0.0062, 0.0033, 0.0027, 0.007, 0.0054, 0.0031, 0.0037, 0.0069, 0.0022, 0.0045, 0.0058, 0.0033, 0.0035, 0.0049, 0.004, 0.0046, 0.011, 0.005, 0.0121, 0.0022, 0.0081, 0.0036, 0.0018, 0.0045, 0.0034, 0.0033, 0.002, 0.0033, 0.0024, 0.0034, 0.0033, 0.0019, 0.0019, 0.0013, 0.0016, 0.0037, 0.0028, 0.0023, 0.0024, 0.0026, 0.0029, 0.0031, 0.0036, 0.0024, 0.001, 0.0012, 0.0045, 0.0019, 0.002, 0.0015, 0.0024, 0.001, 0.0017, 0.0039, 0.0027, 0.0339, 0.0016, 0.0021], "predcls": [0.0022709, 0.00066791, 0.00040075, 0.00026717, 0.075741, 0.020438, 0.007347, 0.0025381, 0.0012022, 0.0018702, 0.0025381, 0.0026717, 0.0029388, 0.0012022, 0.0008015, 0.0012022, 0.00066791, 0.00053433, 0.00053433, 0.45605, 0.27518, 0.00040075, 0.008015, 0.012022, 0.0037403, 0.00053433, 0.0010687, 0.0008015, 0.00013358, 0.00066791, 0.00040075, 0.025381, 0.019904, 0.015763, 0.012022, 0.0092172, 0.0065456, 0.0069463, 0.0058776, 0.0028052, 0.0028052, 0.0017366, 0.0022709, 0.0020037, 0.00093508, 0.00093508], "all_predcls": [0.1686181128025055, 0.14329136908054352, 0.0763116106390953, 0.0780264213681221, 9.893550304695964e-05, 0.002473412547260523, 0.003594597103074193, 0.0012201889185234904, 0.00016489418339915574, 0.07970819622278214, 0.07377292215824127, 0.00026382869691587985, 0.00023084384156391025, 3.297883813502267e-05, 0.05075361207127571, 0.048840589821338654, 0.00016489418339915574, 9.893550304695964e-05, 0.04524579644203186, 0.0006595666636712849, 0.00016489418339915574, 9.893550304695964e-05, 0.02420657128095627, 0.025129545480012894, 0.02486526593565941, 9.893550304695964e-05, 0.01876482181251049, 0.020117251202464104, 0.013751525431871414, 0.012069749645888805, 0.007321233861148357, 0.006232883781194687, 0.012564271688461304, 0.012003679759800434, 0.006760541349649429, 0.0052435388788580894, 0.005144634284079075, 0.003957380075007677, 0.003099974477663636, 0.0023744080681353807, 0.0021106295753270388, 0.001681876601651311, 0.0019786900375038385, 0.0018797856755554676, 0.0015829721232876182, 0.0012532237451523542, 0.0009563702624291182, 0.0008904105634428561, 0.0014840676449239254, 0.0006925415364094079, 0.0006925415364094079, 0.00029680351144634187, 0.0004946725093759596, 0.0006925415364094079, 0.0004287228512112051, 0.0006925415364094079, 0.0007585012353956699, 0.0005606322083622217, 0.0007585012353956699, 0.0004946725093759596, 0.00029680351144634187, 0.00029680351144634187, 0.000197869012481533, 0.00023084384156391025, 0.00023084384156391025, 0.00032978836679831147, 0.000197869012481533, 0.00016489418339915574, 0.00013190932804718614]}