{"objcls": [0.192, 0.043, 0.042, 0.014, 0.0198, 0.0301, 0.0479, 0.0137, 0.0255, 0.0084, 0.0191, 0.0183, 0.0081, 0.0223, 0.0136, 0.013, 0.0243, 0.0145, 0.0102, 0.0192, 0.0089, 0.0148, 0.0111, 0.0094, 0.01, 0.0076, 0.0113, 0.0024, 0.0074, 0.0086, 0.0024, 0.0055, 0.0074, 0.0126, 0.0069, 0.0068, 0.0093, 0.0021, 0.0056, 0.006, 0.0045, 0.0036, 0.0068, 0.004, 0.0039, 0.0065, 0.0061, 0.0028, 0.0034, 0.006, 0.0028, 0.0054, 0.005, 0.0034, 0.0032, 0.0045, 0.0051, 0.0037, 0.0086, 0.0044, 0.0092, 0.0026, 0.0069, 0.0027, 0.0022, 0.0039, 0.0032, 0.0031, 0.0023, 0.0034, 0.0034, 0.0039, 0.003, 0.0017, 0.0018, 0.0015, 0.0026, 0.0034, 0.0026, 0.0024, 0.0019, 0.0025, 0.0025, 0.0025, 0.003, 0.0024, 0.001, 0.0011, 0.0039, 0.002, 0.0019, 0.0017, 0.0023, 0.0009, 0.0016, 0.0031, 0.002, 0.0455, 0.0019, 0.0019], "predcls": [0.0022709, 0.00066791, 0.00040075, 0.00026717, 0.075741, 0.020438, 0.007347, 0.0025381, 0.0012022, 0.0018702, 0.0025381, 0.0026717, 0.0029388, 0.0012022, 0.0008015, 0.0012022, 0.00066791, 0.00053433, 0.00053433, 0.45605, 0.27518, 0.00040075, 0.008015, 0.012022, 0.0037403, 0.00053433, 0.0010687, 0.0008015, 0.00013358, 0.00066791, 0.00040075, 0.025381, 0.019904, 0.015763, 0.012022, 0.0092172, 0.0065456, 0.0069463, 0.0058776, 0.0028052, 0.0028052, 0.0017366, 0.0022709, 0.0020037, 0.00093508, 0.00093508], "all_predcls": [0.1686181128025055, 0.14329136908054352, 0.0763116106390953, 0.0780264213681221, 9.893550304695964e-05, 0.002473412547260523, 0.003594597103074193, 0.0012201889185234904, 0.00016489418339915574, 0.07970819622278214, 0.07377292215824127, 0.00026382869691587985, 0.00023084384156391025, 3.297883813502267e-05, 0.05075361207127571, 0.048840589821338654, 0.00016489418339915574, 9.893550304695964e-05, 0.04524579644203186, 0.0006595666636712849, 0.00016489418339915574, 9.893550304695964e-05, 0.02420657128095627, 0.025129545480012894, 0.02486526593565941, 9.893550304695964e-05, 0.01876482181251049, 0.020117251202464104, 0.013751525431871414, 0.012069749645888805, 0.007321233861148357, 0.006232883781194687, 0.012564271688461304, 0.012003679759800434, 0.006760541349649429, 0.0052435388788580894, 0.005144634284079075, 0.003957380075007677, 0.003099974477663636, 0.0023744080681353807, 0.0021106295753270388, 0.001681876601651311, 0.0019786900375038385, 0.0018797856755554676, 0.0015829721232876182, 0.0012532237451523542, 0.0009563702624291182, 0.0008904105634428561, 0.0014840676449239254, 0.0006925415364094079, 0.0006925415364094079, 0.00029680351144634187, 0.0004946725093759596, 0.0006925415364094079, 0.0004287228512112051, 0.0006925415364094079, 0.0007585012353956699, 0.0005606322083622217, 0.0007585012353956699, 0.0004946725093759596, 0.00029680351144634187, 0.00029680351144634187, 0.000197869012481533, 0.00023084384156391025, 0.00023084384156391025, 0.00032978836679831147, 0.000197869012481533, 0.00016489418339915574, 0.00013190932804718614], "reldet": [0.003819018369540572, 0.0015950920060276985, 0.001840490847826004, 0.0007975460030138493, 0.10595092177391052, 0.032668713480234146, 0.01667177863419056, 0.0045705521479249, 0.005168711766600609, 0.002914110431447625, 0.0038803680799901485, 0.003803680883720517, 0.008450920693576336, 0.0020398772321641445, 0.001518404926173389, 0.00292944791726768, 0.0013343557948246598, 0.0020398772321641445, 0.0009049079963006079, 0.5563957095146179, 0.45688650012016296, 0.0007361962925642729, 0.019064417108893394, 0.023788344115018845, 0.012055214494466782, 0.0003527607477735728, 0.001656441716477275, 0.0013957055052742362, 4.6012268285267055e-05, 0.0003220858925487846, 0.0008128834306262434, 0.04943251609802246, 0.02213190123438835, 0.033236198127269745, 0.026395704597234726, 0.014815950766205788, 0.009125767275691032, 0.008926380425691605, 0.012438650242984295, 0.002469325205311179, 0.0066257668659091, 0.0026840490754693747, 0.006641104351729155, 0.0043098158203065395, 0.0026533743366599083, 0.0013343557948246598]}